epoch,accuracy,loss,val_accuracy,val_loss
0,0.34920636,3.526820865257707,0.26666668,3.2982856829961142
1,0.3809524,3.5114444450095847,0.28333333,2.623302241166433
