epoch,accuracy,loss,lr,val_accuracy,val_loss
0,0.39047619700431824,32.88460922241211,0.001,0.4000000059604645,12.736663818359375
